model,run_tag,seed,epoch,train_loss,val_top1,val_top5,val_top10,epoch_seconds
vit_base_patch16_224,baseline_s42,42,1,6.757110,0.332644,0.544497,0.627911,512.32
vit_base_patch16_224,baseline_s42,42,2,3.846841,0.537086,0.756975,0.819944,486.72
vit_base_patch16_224,baseline_s42,42,3,3.061353,0.630949,0.824985,0.875180,489.47
vit_base_patch16_224,baseline_s42,42,4,2.661094,0.669833,0.853142,0.895732,491.67
vit_base_patch16_224,baseline_s42,42,5,2.418006,0.703225,0.871712,0.910274,492.61
vit_base_patch16_224,baseline_s42,42,6,2.251286,0.718542,0.881622,0.915810,492.60
vit_base_patch16_224,baseline_s42,42,7,2.124369,0.732545,0.888322,0.919774,487.70
vit_base_patch16_224,baseline_s42,42,8,2.019663,0.741830,0.891833,0.923393,487.21
vit_base_patch16_224,baseline_s42,42,9,1.942142,0.749521,0.894828,0.925505,494.34
vit_base_patch16_224,baseline_s42,42,10,1.875981,0.754239,0.898447,0.928133,487.53
vit_base_patch16_224,baseline_s42,42,11,1.825430,0.758375,0.899502,0.928628,492.03
vit_base_patch16_224,baseline_s42,42,12,1.777101,0.762963,0.899955,0.927853,496.91
vit_base_patch16_224,baseline_s42,42,13,1.736241,0.765656,0.902131,0.929382,493.26
vit_base_patch16_224,baseline_s42,42,14,1.709877,0.770697,0.904716,0.931300,494.80
vit_base_patch16_224,baseline_s42,42,15,1.676539,0.773347,0.905254,0.932528,492.50
vit_base_patch16_224,baseline_s42,42,16,1.654885,0.778474,0.906159,0.932011,492.90
vit_base_patch16_224,baseline_s42,42,17,1.630703,0.771904,0.902260,0.929792,491.64
vit_base_patch16_224,baseline_s42,42,18,1.615790,0.779013,0.906418,0.932054,489.96
vit_base_patch16_224,baseline_s42,42,19,1.596047,0.781964,0.906978,0.931494,493.18
vit_base_patch16_224,baseline_s42,42,20,1.577509,0.784356,0.908012,0.933993,490.36
vit_base_patch16_224,baseline_s42,42,21,1.565771,0.785174,0.908249,0.932786,491.55
vit_base_patch16_224,baseline_s42,42,22,1.547179,0.786014,0.908270,0.934725,491.49
vit_base_patch16_224,baseline_s42,42,23,1.539395,0.788190,0.909067,0.933583,487.60
vit_base_patch16_224,baseline_s42,42,24,1.520646,0.787975,0.907883,0.932700,491.09
vit_base_patch16_224,baseline_s42,42,25,1.513642,0.790517,0.911717,0.936168,491.24
vit_base_patch16_224,baseline_s42,42,26,1.500654,0.791077,0.911179,0.934790,495.88
vit_base_patch16_224,baseline_s42,42,27,1.488651,0.793770,0.910403,0.934359,489.44
vit_base_patch16_224,baseline_s42,42,28,1.484755,0.792994,0.910511,0.934122,488.64
vit_base_patch16_224,baseline_s42,42,29,1.474024,0.797238,0.912730,0.936061,487.80
vit_base_patch16_224,baseline_s42,42,30,1.461465,0.799091,0.914561,0.936858,491.29
vit_base_patch16_224,baseline_s42,42,31,1.454410,0.799888,0.915379,0.938193,487.34
vit_base_patch16_224,baseline_s42,42,32,1.450757,0.800707,0.913117,0.936664,489.59
vit_base_patch16_224,baseline_s42,42,33,1.436317,0.802926,0.914862,0.936858,489.81
vit_base_patch16_224,baseline_s42,42,34,1.429462,0.801396,0.914324,0.936104,489.85
vit_base_patch16_224,baseline_s42,42,35,1.422133,0.806459,0.916500,0.939206,491.38
vit_base_patch16_224,baseline_s42,42,36,1.413851,0.808441,0.917986,0.940132,494.30
vit_base_patch16_224,baseline_s42,42,37,1.402785,0.808871,0.917965,0.940520,496.07
vit_base_patch16_224,baseline_s42,42,38,1.394993,0.808548,0.917426,0.938667,486.00
vit_base_patch16_224,baseline_s42,42,39,1.392454,0.809712,0.918180,0.940477,490.61
vit_base_patch16_224,baseline_s42,42,40,1.382338,0.812232,0.918395,0.939206,490.18
vit_base_patch16_224,baseline_s42,42,41,1.377434,0.812792,0.918891,0.939981,487.41
vit_base_patch16_224,baseline_s42,42,42,1.370125,0.815442,0.922058,0.941726,494.22
vit_base_patch16_224,baseline_s42,42,43,1.364333,0.816907,0.921692,0.942674,487.43
vit_base_patch16_224,baseline_s42,42,44,1.359522,0.818781,0.922489,0.942330,490.35
vit_base_patch16_224,baseline_s42,42,45,1.353132,0.820117,0.921153,0.942093,494.80
vit_base_patch16_224,baseline_s42,42,46,1.343067,0.821840,0.923027,0.942825,491.27
vit_base_patch16_224,baseline_s42,42,47,1.341662,0.821646,0.922769,0.943967,491.66
vit_base_patch16_224,baseline_s42,42,48,1.334454,0.822831,0.924557,0.943536,495.49
vit_base_patch16_224,baseline_s42,42,49,1.328106,0.821689,0.924751,0.944096,488.67
vit_base_patch16_224,baseline_s42,42,50,1.323221,0.825438,0.925009,0.944269,485.78
vit_base_patch16_224,baseline_s42,42,51,1.319042,0.828454,0.926323,0.946100,492.80
vit_base_patch16_224,baseline_s42,42,52,1.314849,0.828238,0.928025,0.945863,491.04
vit_base_patch16_224,baseline_s42,42,53,1.307965,0.829014,0.926776,0.946466,494.67
vit_base_patch16_224,baseline_s42,42,54,1.302868,0.828389,0.928391,0.946875,485.40
vit_base_patch16_224,baseline_s42,42,55,1.299436,0.832784,0.928542,0.947198,491.27
vit_base_patch16_224,baseline_s42,42,56,1.296365,0.832461,0.928930,0.947392,490.60
vit_base_patch16_224,baseline_s42,42,57,1.292154,0.834766,0.930998,0.948986,490.74
vit_base_patch16_224,baseline_s42,42,58,1.287131,0.835843,0.929576,0.947500,489.78
vit_base_patch16_224,baseline_s42,42,59,1.282454,0.836166,0.929404,0.947780,490.77
vit_base_patch16_224,baseline_s42,42,60,1.279460,0.837243,0.930115,0.947349,491.61
vit_base_patch16_224,baseline_s42,42,61,1.279132,0.838040,0.931257,0.949482,486.33
vit_base_patch16_224,baseline_s42,42,62,1.275117,0.839376,0.931558,0.948620,488.68
vit_base_patch16_224,baseline_s42,42,63,1.270046,0.840949,0.932269,0.949396,495.65
vit_base_patch16_224,baseline_s42,42,64,1.267683,0.840432,0.932463,0.949137,490.94
vit_base_patch16_224,baseline_s42,42,65,1.265671,0.841810,0.932829,0.950193,491.73
vit_base_patch16_224,baseline_s42,42,66,1.262509,0.842758,0.933799,0.950473,491.02
vit_base_patch16_224,baseline_s42,42,67,1.259921,0.844396,0.934036,0.950947,491.26
vit_base_patch16_224,baseline_s42,42,68,1.258869,0.845624,0.934143,0.951550,493.19
vit_base_patch16_224,baseline_s42,42,69,1.256103,0.846098,0.934660,0.950774,493.36
vit_base_patch16_224,baseline_s42,42,70,1.254426,0.846248,0.934273,0.951464,492.04
vit_base_patch16_224,baseline_s42,42,71,1.253384,0.846378,0.934897,0.950818,491.52
vit_base_patch16_224,baseline_s42,42,72,1.251896,0.846658,0.934897,0.951098,495.41
vit_base_patch16_224,baseline_s42,42,73,1.250402,0.847476,0.934790,0.951313,492.09
vit_base_patch16_224,baseline_s42,42,74,1.249099,0.848252,0.935113,0.951787,492.56
vit_base_patch16_224,baseline_s42,42,75,1.247787,0.847993,0.935199,0.951464,491.33
vit_base_patch16_224,baseline_s42,42,76,1.248841,0.848144,0.934876,0.951744,493.83
vit_base_patch16_224,baseline_s42,42,77,1.248793,0.848575,0.935070,0.951916,491.37
vit_base_patch16_224,baseline_s42,42,78,1.248136,0.848747,0.935177,0.951765,494.43
vit_base_patch16_224,baseline_s42,42,79,1.245273,0.848855,0.935134,0.951701,491.01
vit_base_patch16_224,baseline_s42,42,80,1.247282,0.848941,0.935134,0.951722,495.95
